{"cameraMode":{"drawMode":0,"name":"Shaded","section":"Shading Mode"},"sceneLighting":false,"audioPlay":false,"sceneViewState":{"showFog":true,"showMaterialUpdate":false,"showSkybox":false,"showFlares":true,"showImageEffects":true,"showParticleSystems":true},"in2DMode":false,"pivot":{"x":20.399999618530275,"y":1.0,"z":10.800000190734864},"rotation":{"x":-0.20148706436157227,"y":0.7823579907417297,"z":-0.3174840211868286,"w":-0.49651286005973818},"size":0.9848862290382385,"orthographic":false}