{"cameraMode":{"drawMode":0,"name":"Shaded","section":"Shading Mode"},"sceneLighting":false,"audioPlay":false,"sceneViewState":{"showFog":true,"showMaterialUpdate":false,"showSkybox":false,"showFlares":true,"showImageEffects":true,"showParticleSystems":true},"in2DMode":false,"pivot":{"x":12.003000259399414,"y":1.2500001192092896,"z":9.600000381469727},"rotation":{"x":-0.008053905330598355,"y":0.10778751224279404,"z":0.000876846257597208,"w":0.9941504001617432},"size":1.5119887590408326,"orthographic":false}