{"cameraMode":{"drawMode":0,"name":"Shaded","section":"Shading Mode"},"sceneLighting":true,"audioPlay":false,"sceneViewState":{"showFog":true,"showMaterialUpdate":false,"showSkybox":true,"showFlares":true,"showImageEffects":true,"showParticleSystems":true},"in2DMode":false,"pivot":{"x":19.482934951782228,"y":-10.062536239624024,"z":20.460054397583009},"rotation":{"x":-0.37919574975967409,"y":0.06681070476770401,"z":-0.02746279165148735,"w":-0.9224944710731506},"size":10.018878936767579,"orthographic":false}