{"cameraMode":{"drawMode":0,"name":"Shaded","section":"Shading Mode"},"sceneLighting":true,"audioPlay":false,"sceneViewState":{"showFog":true,"showMaterialUpdate":false,"showSkybox":false,"showFlares":true,"showImageEffects":true,"showParticleSystems":true},"in2DMode":false,"pivot":{"x":337.0633239746094,"y":3.7064056396484377,"z":-87.34344482421875},"rotation":{"x":0.1609705537557602,"y":0.17807167768478394,"z":-0.02954157069325447,"w":0.9703145623207092},"size":250.32992553710938,"orthographic":false}